Ref,Val,Package,PosX,PosY,Rot,Side
"C44","1n","C_0603_1608Metric",83.225000,-121.250000,180.000000,bottom
"C48","1n","C_0603_1608Metric",125.500000,-130.500000,0.000000,bottom
"C52","1n","C_0603_1608Metric",98.500000,-96.000000,90.000000,bottom
"C60","1n","C_0603_1608Metric",99.500000,-89.000000,180.000000,bottom
